"Name","ID","Workstream","Phase","Status","Priority","Start","End","Depends on","Completion criteria","Source"
"Confirm v1 scope and acceptance checks","R01","Planning","Scope","Planned","High","10/05/2026","10/07/2026","","Agree all nine requested features for launch with measurable acceptance checks, supported platforms and tester needs; define data ownership and schema contracts for reconnect sync.","https://github.com/WaldenLee2005/project-orca-9/blob/main/ROADMAP.md"
"Build native apps and test the baseline","R02","Quality","Foundation","Planned","High","10/05/2026","10/11/2026","R01","Rebuilt iOS and Android apps open all tabs, log offline and reload saved data; record device/build evidence.","https://github.com/WaldenLee2005/project-orca-9/blob/main/apps/mobile/README.md"
"Make logging fast and reliable in the gym","R03","Workouts","Core flows","Planned","High","10/08/2026","10/18/2026","R02","Phone testing confirms fast set entry, copy/add set, resume after close, empty-session exit, timed work and duplicate-save protection.","https://github.com/WaldenLee2005/project-orca-9/blob/main/apps/mobile/src/features/workouts/README.md"
"Add workout history details and summaries","R04","History","Core flows","Planned","High","10/12/2026","10/25/2026","R02","Browse older completed sessions and open actual exercises, individual sets, weights, reps/time and totals after reload; saving a workout shows its completion summary with correct actual-set totals.","https://github.com/WaldenLee2005/project-orca-9/blob/main/FEATURES.md"
"Correct and delete completed workout mistakes","R05","History","Core flows","Planned","High","10/19/2026","11/01/2026","R04","Confirmed edits/deletes persist, refresh charts, coaching evidence, streaks and reminders, preserve unrelated data and recover visibly from failed writes.","https://github.com/WaldenLee2005/project-orca-9/blob/main/FEATURES.md"
"Add previous values and exercise shortcuts","R06","Workouts","Core flows","Planned","Medium","10/19/2026","11/01/2026","R03","Repeat prior actual values with clear context; favorites/recent exercises shorten search without creating completed sets.","https://github.com/WaldenLee2005/project-orca-9/blob/main/FEATURES.md"
"Verify upgrades and training data safety","R07","Storage","Reliability","Planned","High","10/26/2026","11/08/2026","R04, R05, F02, F07, F08","Upgrades preserve existing workouts/programs/auth; verify migration and data contracts for planned notes, music, supplement, vacation and timer fields before cloud sync; failure/retry and reload checks pass on native and web; no new training reset.","https://github.com/WaldenLee2005/project-orca-9/blob/main/apps/mobile/src/storage/README.md"
"Add program adherence history","R08","Programs","Complete features","Planned","Medium","11/02/2026","11/08/2026","R04","A calendar distinguishes completed training, unscheduled workouts, planned/manual rest and missed training using dated schedule revisions and existing streak rules.","https://github.com/WaldenLee2005/project-orca-9/blob/main/ROADMAP.md"
"Verify reminder permissions and delivery","R09","Reminders","Complete features","Planned","High","11/02/2026","11/15/2026","R02, F08","Physical-device evidence covers opt-in/denial/recovery, delivery, completion cancellation, schedule edits, timezone changes and Android delay expectations.","https://github.com/WaldenLee2005/project-orca-9/blob/main/apps/mobile/src/features/reminders/README.md"
"Verify native screenshot import and correction","R10","Import","Complete features","Planned","High","11/09/2026","11/15/2026","R02","Native OCR build/device checks cover clear and blank images, cancel/retry, offline/resume and explicit target/schedule correction; saving leaves imports inactive.","https://github.com/WaldenLee2005/project-orca-9/blob/main/apps/mobile/src/features/programs/README.md"
"Review coaching policy and define shipped scope","R11","Coach","Complete features","Planned","High","11/09/2026","11/22/2026","R03, R07","Qualified review covers thresholds and explanations; decide durable decision history, opt-in behavior and release eligibility for today-only suggestions.","https://github.com/WaldenLee2005/project-orca-9/blob/main/COACH_IMPLEMENTATION_PLAN.md"
"Pilot coaching suggestions and undo","R12","Coach","Complete features","Planned","High","11/16/2026","11/29/2026","R11","Only reviewed behavior reaches testers; no-history, long-break, low-readiness, rest, repeated-hard and stale-proposal cases behave correctly; undo works.","https://github.com/WaldenLee2005/project-orca-9/blob/main/COACH_IMPLEMENTATION_PLAN.md"
"Finish optional accounts and onboarding","R13","Accounts","Complete features","Planned","High","10/12/2026","10/25/2026","R02","Confirm hosted setup, security policies and account ownership/schema contracts for sync/feed by October 25; device-verify signup/confirmation/signin/recovery, avatar/privacy, account deletion and profile/avatar cleanup with explicit local-training-data handling; guest/offline/error flows work.","https://github.com/WaldenLee2005/project-orca-9/blob/main/apps/mobile/src/lib/README.md"
"Verify progress and consistency metrics","R14","Progress","Complete features","Planned","High","11/23/2026","12/06/2026","R05, R08, F03","Charts match actual individual sets; timed/warm-up handling and empty/single/multiple-point states are reviewed; history corrections refresh metrics.","https://github.com/WaldenLee2005/project-orca-9/blob/main/apps/mobile/src/features/progress/README.md"
"Finish phone usability and accessibility","R15","Design","Complete features","Planned","High","11/16/2026","12/06/2026","R03, R04, R08, F01, F02, F03, F04, F05, F06, F07, F08, L02","All v1 flows, including the nine requested features, work at narrow phone sizes in light/dark mode with readable text, usable controls, keyboard/screen-reader behavior and useful error/empty states.","https://github.com/WaldenLee2005/project-orca-9/blob/main/apps/mobile/README.md"
"Freeze the v1 feature set","R16","Release","Feature freeze","Planned","High","12/01/2026","12/06/2026","R05, R06, R07, R08, R09, R10, R12, R13, R14, R15, F01, F02, F03, F04, F05, F06, F07, F08, L02","Target implementation of all nine requested features by November 29; all agreed v1 features meet acceptance checks by December 6 with release gates explicit; only release fixes enter the candidate.","https://github.com/WaldenLee2005/project-orca-9/blob/main/ROADMAP.md"
"Prepare private beta builds and feedback","R17","Release","Beta","Planned","High","10/26/2026","11/01/2026","R03, R04","Package installable early core beta builds for selected testers; capture device, build, reproduction and severity; publish incremental builds as features are ready.","https://github.com/WaldenLee2005/project-orca-9/blob/main/ROADMAP.md"
"Run rolling real gym beta sessions","R18","Quality","Beta","Planned","High","11/02/2026","12/20/2026","R17","Test core flows from November 2, add each ready feature, and cover all nine requested features in full-feature beta December 7–20; coaching reaches testers only in reviewed eligible scope; record actual gym, offline/reconnect, restart/resume and program/rest findings.","https://github.com/WaldenLee2005/project-orca-9/blob/main/ROADMAP.md"
"Fix beta issues and run release regressions","R19","Quality","Beta","Planned","High","11/02/2026","12/20/2026","R16, R18","Triage and fix issues throughout the rolling beta; after December 6, run final release regressions across all nine features, account switching/deletion, offline edits/deletions followed by reconnect sync, feed privacy, timers and background/resume; automated and device checks pass with no known data-loss defects.","https://github.com/WaldenLee2005/project-orca-9/blob/main/AGENTS.md"
"Prepare store assets and privacy disclosures","R20","Release","Release preparation","Planned","High","12/07/2026","12/20/2026","R16","Icons/splash, screenshots, listing, support contact and privacy/account-deletion disclosures match shipped behavior and enabled services, including account sync, friends feed, music metadata and supplements.","https://github.com/WaldenLee2005/project-orca-9/blob/main/ROADMAP.md"
"Approve release candidate and submit","R21","Release","Release preparation","Planned","High","12/21/2026","12/27/2026","R19, R20","Candidate passes feature/data/device gates; choose rollout and confirm store submission/approval status for each platform.","https://github.com/WaldenLee2005/project-orca-9/blob/main/ROADMAP.md"
"Resolve store feedback and keep release buffer","R22","Release","Release preparation","Planned","High","12/28/2026","01/03/2027","R21","Handle review feedback and regressions; retain a tested candidate and documented go/no-go decision.","https://github.com/WaldenLee2005/project-orca-9/blob/main/ROADMAP.md"
"Release v1 when all gates pass","R23","Release","Launch","Planned","High","01/04/2027","01/04/2027","R22","Launch only after required reviews, store approvals and verification; record release version and support/issue follow-up.","https://github.com/WaldenLee2005/project-orca-9/blob/main/ROADMAP.md"
"Optional backup and restore","L01","Storage","Later","Backlog","Medium","","","","Define and implement reviewed export/restore and opt-in backup with clear ownership and preservation of existing local data; reconnect synchronization is tracked separately in F06.","https://github.com/WaldenLee2005/project-orca-9/blob/main/ARCHITECTURE.md"
"Feed","L02","Social","Complete features","Planned","Medium","11/16/2026","11/29/2026","R13, F06","Build opt-in compact workout/PR sharing with friend controls and tested audience permissions; retries create no duplicate events, deletion/unsharing removes visibility, and private notes/full raw logs stay private.","https://github.com/WaldenLee2005/project-orca-9/blob/main/FEATURES.md"
"Plan health and nutrition integrations","L03","Integrations","Later","Backlog","Low","","","","Choose providers and permission/data boundaries after v1 proves the core lifting flow.","https://github.com/WaldenLee2005/project-orca-9/blob/main/FEATURES.md"
"Expand adaptive coaching and hosted import","L04","Coach","Later","Backlog","Low","","","","Design permanent adaptation and durable decision history; add provider consent, auth, quotas, privacy and server controls before hosted AI.","https://github.com/WaldenLee2005/project-orca-9/blob/main/COACH_IMPLEMENTATION_PLAN.md"
"Vacation mode","F01","Programs","Complete features","Planned","Medium","11/16/2026","11/29/2026","R07, R08, R11","Choose travel dates and available equipment; generate a reviewed editable temporary routine using suitable catalog exercises; preserve the home program/history and explicitly restore the regular schedule.","https://github.com/WaldenLee2005/project-orca-9/blob/main/FEATURES.md"
"Notes to self","F02","Workouts","Core flows","Planned","Medium","10/19/2026","11/01/2026","R04","Add/edit/delete private workout notes, retain them through offline save/reload and history corrections on native/web, and keep them out of social publishing. Exercise-specific notes can extend the first scope.","https://github.com/WaldenLee2005/project-orca-9/blob/main/FEATURES.md"
"Recaps","F03","Progress","Complete features","Planned","Medium","11/02/2026","11/15/2026","R04, R05, F07","Provide completion and weekly recaps from actual saved sessions: working sets, volume, workout time, PRs and consistency; handle empty/sparse data, timed work/rest days and refresh after corrections.","https://github.com/WaldenLee2005/project-orca-9/blob/main/FEATURES.md"
"Music listened to","F04","Integrations","Complete features","Planned","Low","11/02/2026","11/08/2026","R04","Manually attach a song/playlist name or link to a workout and show it in history; define provider choice and consent/permissions before separately adding automatic listening capture.","https://github.com/WaldenLee2005/project-orca-9/blob/main/FEATURES.md"
"Supplements","F05","Workouts","Complete features","Planned","Low","11/09/2026","11/15/2026","F02","Privately record a supplement name, optional amount/unit/time and notes; edit/delete and offline reload work; recap inclusion is optional.","https://github.com/WaldenLee2005/project-orca-9/blob/main/FEATURES.md"
"Offline mode with reconnect sync","F06","Storage","Complete features","Planned","High","11/09/2026","11/29/2026","R07, R13, F01, F02, F04, F05, F07, F08","Keep logging offline; account-owned pending changes, including agreed notes, music, supplement, duration and vacation records, survive restart and sync on reconnect with deduplicated retries, conflict/error visibility, edits/deletions and account isolation; guest data stays local until explicitly associated and derived feed events respect private-sharing boundaries.","https://github.com/WaldenLee2005/project-orca-9/blob/main/FEATURES.md"
"Workout time","F07","Workouts","Core flows","Planned","Medium","10/19/2026","11/01/2026","R03, R04","Show elapsed session time and save duration in history/recaps; define whether pauses count and persist excluded pause intervals; verify background/restart/resume behavior without confusing duration with timed exercise sets.","https://github.com/WaldenLee2005/project-orca-9/blob/main/FEATURES.md"
"Rest timer","F08","Workouts","Core flows","Planned","Medium","10/19/2026","11/01/2026","R02, R03","Provide an adjustable start/pause/reset/skip countdown between sets; restore correctly after navigation/background/restart; completion cues respect permissions, coexist with workout reminders and never automatically log sets.","https://github.com/WaldenLee2005/project-orca-9/blob/main/FEATURES.md"
